stt,ten_sp,gia_ban,doanh_so_365,so_luong_ban_365,tong_doanh_so,tong_luot_ban,tong_danh_gia,brand,phan_khuc_gia,pct_doanh_so,ti_le_danh_gia
1,[Tặng hộp hoặc sốt] Combo 3 gói sốt muối kim chi O'food 180g / gói,91100,2383563000,24148,4999687040,50686,11674,O'food,Trung (50-150k),0.94,0.2303
2,"Sa Tế Sò Điệp Thích Cay Sốt Trộn Mì, Hủ Tiếu, Phở Sốt Chấm Cá Viên Chiên Sốt Ướp Thịt",59000,812970720,14151,4396505105,78015,17262,THÍCH CAY,Trung (50-150k),0.32,0.2213
3,Nước Mắm Tĩn Nhãn Đỏ Độ Đạm 40N Cặp 2 Chai Thủy Tinh 500ml/chai Rin Nguyên Chất Truyền Thống Sạch Không Chất Bảo Quản,330000,679857000,2073,1181512000,3601,7460,Nước Mắm Tĩn,Cao (>150k),0.27,2.0716
4,"Mắm nêm pha sẵn cao cấp Làng Chài Xưa, nguyên liệu tươi, thơm ngon đặc biệt, chai thủy tinh 300g",63000,638419100,9847,744189300,11477,1903,Làng Chài Xưa,Trung (50-150k),0.25,0.1658
5,Sốt Gà Rán Ottogi Chai 2.4KG,145000,548102000,382,960943300,6715,6740,Ottogi,Trung (50-150k),0.22,1.0037
6,"Combo 03 hũ Sa tế sò điệp Thích Cay 250g đa dụng, tiện lợi",199000,496341750,2479,686928130,3435,8030,THÍCH CAY,Cao (>150k),0.19,2.3377
7,Canh Kim Chi Thịt Gà Ăn Liền I-Soup 66g,68000,466309000,716,1220413000,18767,342,I-soup,Trung (50-150k),0.18,0.0182
8,[Nước mắm NGON] Nước mắm Tĩn nhãn đỏ độ đạm 40N chai thủy tinh 500ml rin nguyên chất truyền thống sạch,165000,465830000,2824,779105800,4724,9050,Nước Mắm Tĩn,Cao (>150k),0.18,1.9157
9,Combo 3 gói sốt muối kim chi cay dịu O'food 180g / gói tặng 1 hộp nhựa cao cấp 2L hoặc 1 gói sốt muối kim chi cùng loại,96000,460881000,4664,679398000,6877,1545,O'food,Trung (50-150k),0.18,0.2247
10,Combo 4 Nước mắm cá cơm Thuận Phát 40 độ đạm 610ml - Từ nước cốt nhĩ cá cơm Phú Quốc,257000,447466320,1686,535766552,2014,5220,Unknown,Cao (>150k),0.18,2.5919
11,"Sốt Trứng Muối hoàng kim Thích Cay 150g đa dụng cho các món ốc, hải sản, mì ý",55000,439050800,7531,439050800,7531,111,THÍCH CAY,Trung (50-150k),0.17,0.0147
12,[Chai 2 lít - Tiết kiệm] Nước Chấm Cá Cơm Than Làng Chài Xưa chai nhựa cao cấp 2 lít/chai Đặc Biệt Thanh Dịu An toàn,71500,432792200,6014,505364200,7022,1946,Làng Chài Xưa,Trung (50-150k),0.17,0.2771
13,[ Bán chạy nhất ] Thùng 6 chai nước mắm nhỉ xuất khẩu Làng Chài Xưa Nhãn Xanh 500ml/chai,320000,422330000,1329,851308200,2695,8290,Làng Chài Xưa,Cao (>150k),0.17,3.0761
14,Combo 2 nước mắm cá cơm Thuận Phát 40 độ đạm 610ml - Từ nước cốt nhĩ cá cơm Phú Quốc,129000,408182084,3243,682817928,5436,1581,THUẬN PHÁT,Trung (50-150k),0.16,0.2908
15,Tương ớt gói Cholimex 10g siêu tiện lợi (01 túi gồm 50 gói),27900,406509200,13138,450312200,14551,1027,Cholimex,Rẻ (<50k),0.16,0.0706
16,Combo 2 sốt muối kim chi O'food 180g/gói,60000,358654800,6409,1174094800,21007,4494,O'food,Trung (50-150k),0.14,0.2139
17,Xốt Teriyaki O'chef Ottogi 2kg,112000,321542720,2776,375856550,3245,2630,Ottogi,Trung (50-150k),0.13,0.8105
18,Xốt phô mai Ottogi 1kg,94000,301197500,3106,301197500,3106,4060,Ottogi,Trung (50-150k),0.12,1.3071
19,"Combo sốt trứng muối & bơ tỏi hoàng kim Thích Cay 150g chuẩn vị nhà hàng cho các món ốc, hải sản, chấm bánh mì",99000,301036000,3008,301036000,3008,5480,THÍCH CAY,Trung (50-150k),0.12,1.8218
20,[Thùng 6 chai nước mắm ngon] Nước Mắm Tĩn cá cơm than Nhãn Đỏ Độ Đạm 40N Thùng 6 Chai Thủy Tinh 500ml/chai,990000,297441000,3090,592297500,6150,1730,Nước Mắm Tĩn,Cao (>150k),0.12,0.2813
21,COMBO 2 cá vàng 60N 500ml Nước Mắm Tĩn Cá Cơm Ruột Đỏ Chai Thuỷ Tinh 500ml Nước Mắm Truyền Thống,418000,292211000,6960,394651000,9400,2380,Nước Mắm Tĩn,Cao (>150k),0.11,0.2532
22,"Sốt muối kim chi O'food gói 180g, chuẩn vị Hàn Quốc",30000,287189500,959,1307909260,43733,6451,O'food,Rẻ (<50k),0.11,0.1475
23,"Muối hồng Himalaya Vipep nguyên hạt, xay nhuyễn 120g/200g/250g/500g/1100g - Gia vị Vipep",18000,282481350,11986,711454750,30129,5274,Vipep,Rẻ (<50k),0.11,0.175
24,Xốt Spaghetti vị cà chua O'chef Ottogi 2kg,129344,272461696,2099,358810608,2778,3640,Ottogi,Trung (50-150k),0.11,1.3103
25,[Bán chạy nhất] Nước mắm Tĩn nhãn xưa độ đạm 41N 500ml rin nguyên chất truyền thống sạch không chất bảo quản,273000,266152000,9750,533466000,1952,3220,Nước Mắm Tĩn,Cao (>150k),0.1,1.6496
26,Combo 2 Nước mắm cá cơm Thuận Phát 60 độ đạm 490ml - Từ 3 loại cá cơm Phú Quốc,220000,258295358,1199,369901936,1721,3580,THUẬN PHÁT,Cao (>150k),0.1,2.0802
27,"Sốt phô mai trứng muối hoàng kim Thích Cay 150g chuẩn vị cho các món ốc, hải sản",55000,238694400,3688,238694400,3688,6410,THÍCH CAY,Trung (50-150k),0.09,1.7381
28,[Tặng túi vải + mỳ ý] Combo 5 gói SpaghettiO'Food mix 5 vị 120g,125000,238027000,1901,238027000,1901,4690,O'food,Trung (50-150k),0.09,2.4671
29,"Kho quẹt tôm thịt Thích Cay đóng hũ tiện lợi 250g - tôm khô, thịt ba chỉ, tóp mỡ, tiêu xanh",79000,222007490,2776,557234026,7198,1809,THÍCH CAY,Trung (50-150k),0.09,0.2513
30,Chao siêu béo Làng Chài Xưa 850g/hủ làm từ khoai môn hương vị đậm đà và thơm ngon,169000,217617200,1248,353769200,203,3990,Làng Chài Xưa,Cao (>150k),0.09,19.6552
31,Sốt ướp đồ nướng Lee Kum Kee 2.45kg,294900,216877700,7510,330914100,1147,1000,Lee Kum Kee,Cao (>150k),0.09,0.8718
32,Mắm Nêm Ngon Pha Sẵn Thuận Phát 950ml,46000,216299000,432,246809000,4932,2600,THUẬN PHÁT,Rẻ (<50k),0.08,0.5272
33,Tương cà gói Cholimex 10g siêu tiện lợi (01 túi gồm 50 gói),27900,214799000,6944,238080000,7695,6130,Cholimex,Rẻ (<50k),0.08,0.7966
34,Sốt Spaghetti O'Food gói 120g,20000,213304000,12491,338010100,19887,2497,O'food,Rẻ (<50k),0.08,0.1256
35,Combo 5 chai Nước Mắm Phú Quốc Cao Cấp Vị Xưa Barona 40 Độ Đạm 500ml [tặng 1 hũ thủy tinh cao cấp 1 lít],427050,209704000,5300,334592000,8520,2210,Barona,Cao (>150k),0.08,0.2594
36,Combo 02 Chai Nước Mắm Tôm Biển độ đạm 45N tự nhiên - Nước Mắm Tĩn 500ml/chai Hồng Ngọc Đại Dương nguyên chất,398000,208329000,5210,561420000,126,2980,Nước Mắm Tĩn,Cao (>150k),0.08,23.6508
37,"Bột Gia Vị Vipep gia vị nấu ăn hành bột, tỏi bột, ớt, ngũ vị hương, tiêu, quế, sả bột, ngò, nghệ",17000,206632080,22548,431621830,47492,3675,Vipep,Rẻ (<50k),0.08,0.0774
38,Canh I.Soup Rau Tập Tàng Nấm Rơm túi 5 viên_ túi 35gr,58000,204914000,3533,204914000,3533,5210,I-soup,Trung (50-150k),0.08,1.4747
39,Xốt ướp thịt nướng Cholimex hũ thuỷ tinh 600g,49500,200519000,3653,264359000,4815,5840,Cholimex,Rẻ (<50k),0.08,1.2129
40,"Bánh phồng Pani Puri hình quả bóng tròn, chiên giòn, phồng to, thơm đặc biệt",85000,199777000,2023,199777000,2023,3180,THÍCH CAY,Trung (50-150k),0.08,1.5719
41,Sốt Spaghetti Vị Truyền Thống Ottogi Gói 1kg,72810,195489240,2707,340198290,4723,6430,Ottogi,Trung (50-150k),0.08,1.3614
42,Combo 2 Hũ Sa Tế Sò Điệp Thích Cay 250g Tiện Lợi Sốt Trộn Mì Đa Dụng Sa Tế Cay Trộn Hủ Tiếu,149000,194185438,1277,253002920,1663,4420,THÍCH CAY,Trung (50-150k),0.08,2.6578
43,Thùng 6 chai nước mắm nhỉ cá cơm than Làng Chài Xưa 525ml/chai sánh đặc thịt cá 300 năm truyền thống,218000,186864600,8850,257556600,1222,3520,Làng Chài Xưa,Cao (>150k),0.07,2.8805
44,Mì Trộn Phô Mai Ottogi Mini 75g,10150,184521200,17613,288311785,27512,2073,Ottogi,Rẻ (<50k),0.07,0.0753
45,Gia vị nấu phở bò Hà Nội Natural DH Foods nêm sẵn thành phần tự nhiên gói 24gr - DHGVT75,16738,183070636,12193,380341874,25397,1124,Dh Foods,Rẻ (<50k),0.07,0.0443
46,Canh I.Soup Canh Măng Chua Nấm Hương túi 5 viên_ túi 50gr,58000,179568000,3096,179568000,3096,4380,I-soup,Trung (50-150k),0.07,1.4147
47,Sốt gà chiên 2 vị cay và phô mai O'food gói 120g,19500,178832500,8547,458087500,21942,2277,O'food,Rẻ (<50k),0.07,0.1038
48,Nước mắm chay 3 trong 1 Làng Chài Xưa (01 chai) 525ml trái thơm nấm ngọt đậu nành 300 năm truyền thống,49000,177444800,3617,403284658,8194,1439,Làng Chài Xưa,Rẻ (<50k),0.07,0.1756
49,"Sa tế sò điệp Thích Cay 250g, trộn mì, hủ tiếu, phở, sốt cá viên chiên, dùng để ướp thịt tiện lợi ST250",79000,177173500,2005,570840500,6479,1384,THÍCH CAY,Trung (50-150k),0.07,0.2136
50,"Nước mắm chay cao cấp Shiitake ủ chượp từ đậu nành, nấm ngọt Shiitake và trái thơm, chai nhựa 525ml/chai Làng Chài Xưa",65000,168414000,1519,355965000,3183,4370,Làng Chài Xưa,Trung (50-150k),0.07,1.3729
51,Bột tỏi nguyên chất Natural DH Foods chế biến thực phẩm 60gr - DHGVT58,18863,167786068,9059,339895344,18364,3289,Dh Foods,Rẻ (<50k),0.07,0.1791
52,Túi 100g bánh Pani Puri tặng kèm Sốt me béo 120ml Thích Cay,109000,165600000,1195,165600000,1195,2140,THÍCH CAY,Trung (50-150k),0.07,1.7908
53,[Thùng 6 chai] Nước mắm nhỉ 40 độ đạm Làng Chài Xưa nhãn vàng chai thủy tinh 500ml ủ chượp 2 lần đậm đà thơm ngon,530000,161310000,2990,241101000,4470,1240,Làng Chài Xưa,Cao (>150k),0.06,0.2774
54,"Sốt lẩu hoàn chỉnh O'food gói 180g, có 7 vị",26000,157026000,5626,287885500,10316,1048,O'food,Rẻ (<50k),0.06,0.1016
55,"Muối Hồng Himalaya Xay Nhuyễn Vipep Hũ Nhựa 1.1kg dùng nấu ăn, ngâm chân thải độc - Gia vị Vipep",89000,156082650,1955,356918250,4491,7230,Vipep,Trung (50-150k),0.06,1.6099
56,Combo 3 Bánh Tráng Ớt Tây Ninh Tinh Nguyên (200gx3gói),47111,156049400,2767,239078450,4231,6920,TINH NGUYÊN,Rẻ (<50k),0.06,1.6355
57,"Muối Hồng Himalaya Xay Nhuyễn Vipep Túi 500g dùng làm gia vị, ngâm chân - Gia vị Vipep",31000,155064040,4336,203095240,5682,6540,Vipep,Rẻ (<50k),0.06,1.151
58,[COMBO 02 BÌNH GỐM 60 ĐẠM] Nước Mắm Tĩn cá cơm ruột đỏ độ đạm 60N 250ml rin nguyên chất,418000,154120000,3670,242733860,5780,1290,Nước Mắm Tĩn,Cao (>150k),0.06,0.2232
59,Dầu hào Lee Kum Kee Kum Chun Oyster Sauce 2.5kg,119000,153088000,1354,237976100,2115,2880,Lee Kum Kee,Trung (50-150k),0.06,1.3617
60,"Dầu màu điều Dh Foods gia vị chế biến thực phẩm, tạo màu tự nhiên cho món ăn lọ 100ml",27667,152260262,5535,258175314,9386,1584,Dh Foods,Rẻ (<50k),0.06,0.1688
61,Thùng 6 nước mắm 60N - 500ml - Nước Mắm Tĩn Cá Cơm Ruột Đỏ Chai Thuỷ Tinh 500ml/chai Truyền Thống,1258000,149911000,1190,210385000,1670,380,Nước Mắm Tĩn,Cao (>150k),0.06,0.2275
62,"Sốt trứng muối Dh Foods gia vị chấm hải sản, thịt nướng, bánh mì, snack, khoai tây chiên, mì Ý, beefsteak lọ 100gr",34168,148630800,435,171692242,5025,7070,Dh Foods,Rẻ (<50k),0.06,1.407
63,"Bánh Pani Puri hình quả bóng tròn, chiên giòn rụm, phồng to, thơm đặc biệt",85000,146189500,1809,146189500,1809,3620,THÍCH CAY,Trung (50-150k),0.06,2.0011
64,"[Tặng kem 1 túi vài] COMBO 10 GÓI Sốt muối kim chi O'food gói 180g, chuẩn vị Hàn Quốc",300000,139840000,5000,352092000,126,3500,O'food,Cao (>150k),0.05,27.7778
65,Bột hành nguyên chất Natural DH Foods chế biến thực phẩm 40gr - DHGVT57,19920,138440346,788,268224634,15294,2739,Dh Foods,Rẻ (<50k),0.05,0.1791
66,COMBO 2 BÌNH Nước mắm Tôm Biển Truyền Thống 60N đạm - Nước mắm Tĩn - 500ml/bình Thơm Ngon Hảo Hạng,796000,138381000,1730,411696000,4900,1040,Nước Mắm Tĩn,Cao (>150k),0.05,0.2122
67,Cặp 2 chai 60 độ đạm Nước Mắm Tĩn Cá Cơm Ruột Đỏ 60N Chai Thuỷ Tinh 250ml truyền thống không chất bảo quản,218000,135695000,6170,246537000,1121,2430,Nước Mắm Tĩn,Cao (>150k),0.05,2.1677
68,1 Bình gốm Nước mắm Tôm Biển Truyền Thống 60N đạm - Nước mắm Tĩn - 500ml Thơm Ngon Hảo Hạng Không Chất Bảo Quản,436000,134930000,3000,178538000,3970,740,Nước Mắm Tĩn,Cao (>150k),0.05,0.1864
69,"Sốt phô mai Dh Foods gia vị chấm hải sản, thịt nướng, bánh mì, snack, khoai tây chiên, mì Ý, beefsteak,... lọ 100gr",34168,134211904,3928,152893078,4475,7030,Dh Foods,Rẻ (<50k),0.05,1.5709
70,"Nước mắm ớt tỏi chua ngọt cao cấp Làng Chài Xưa, nguyên liệu tươi, thơm ngon đặc biệt, pha sẵn từ chanh tỏi ớt vị đậm đà",63000,133740000,2064,231562000,3573,6420,Làng Chài Xưa,Trung (50-150k),0.05,1.7968
71,"Combo 2 Sốt Phô Mai, Trứng Muối Dh Foods 100g - Béo Ngậy Chấm Trực Tiếp Đồ Chiên, Nướng, Trộn Salad, Chế Biến Hải Sản",35000,130620177,3729,145416177,4149,6860,Dh Foods,Rẻ (<50k),0.05,1.6534
72,"[Chai thủy tinh 500ml] Nước mắm chay cao cấp Làng Chài Xưa nấm ngọt Shiitake Nhật Bản, đậu nành, thơm dứa",158000,127763000,7990,420246150,263,5190,Nước Mắm Tĩn,Cao (>150k),0.05,19.7338
73,Gia vị nấu phở gà Natural DH Foods nêm sẵn thành phần tự nhiên gói 20gr - DHGVT77,15632,127303143,9085,259793449,18551,9730,Dh Foods,Rẻ (<50k),0.05,0.5245
74,"Sốt tiêu đen Dh Foods gia vị chế biến thịt nướng, hải sản lọ 200gr",25152,127071166,5087,220321356,8813,9980,Dh Foods,Rẻ (<50k),0.05,1.1324
75,Hộp 6 gói snack rong cuộn nướng giòn 6g O'food,78000,126480000,141,179064000,1996,2690,O'food,Trung (50-150k),0.05,1.3477
76,Combo 3 Hũ Sa tế Sò Điệp Thích Cay 250g Sốt Trộn Mì Đa Dụng Sa Tế Cay Trộn Hủ Tiếu,205000,126293000,6310,136442000,6820,1410,THÍCH CAY,Cao (>150k),0.05,0.2067
77,"[Thùng 6 chai] Nước mắm nhỉ Làng Chài Xưa nhãn xanh xuất khẩu, nhãn đỏ đậm đà, nhãn vàng sánh đặc 500ml/chai thủy tinh",320000,121966000,3730,212780000,6560,1750,Làng Chài Xưa,Cao (>150k),0.05,0.2668
78,Thùng 6 chai nước mắm CHAY 3 trong 1 Làng Chài Xưa 525ml trái thơm nấm ngọt đậu nành 300 năm truyền thống,259000,120487000,4030,220665000,7390,1900,Làng Chài Xưa,Cao (>150k),0.05,0.2571
79,Tương ớt Cholimex chai Pet 5kg,127800,120183000,8830,123991000,9110,1640,Cholimex,Trung (50-150k),0.05,0.18
80,Nước mắm tôm biển Làng Chài Xưa Hồng Ngọc Đại Dương 125ml/chai,10000,119662000,11931,220913500,21538,4601,Làng Chài Xưa,Rẻ (<50k),0.05,0.2136
81,"Bộ Gia Vị Tự Nhiên DH FOODS Gừng Bột, Hành Bột, Sả Bột, Tỏi Bột, Nghệ Bột, Ớt Bột, Thảo Quả, Hạt Dổi, Hạt Mắc Khén",12000,118060300,9565,118060300,9565,5640,Dh Foods,Rẻ (<50k),0.05,0.5896
82,Tương cà Cholimex chai pet 2.1kg,58500,117916500,1857,122996500,1937,2710,Cholimex,Trung (50-150k),0.05,1.3991
83,Xốt ướp thịt nướng gói 70g,7500,117267750,15684,158930250,21239,7390,Cholimex,Rẻ (<50k),0.05,0.3479
84,"Sốt ướp thịt Hàn Quốc OFood gói 80g, giúp thị mềm, ngọt, thơm dậy vị dùng cho 400g thịt",11000,116989000,10633,281601000,25665,3543,O'food,Rẻ (<50k),0.05,0.138
85,Tương ớt Cholimex Chai Pet 2.1kg,58500,116893500,1868,127278500,2034,3530,Cholimex,Trung (50-150k),0.05,1.7355
86,Sốt Spaghetti O'Food chai 220g,35000,115934000,3635,272854000,859,1431,O'food,Rẻ (<50k),0.05,1.6659
87,"Nước tương cao cấp Shiitake lên men tự nhiên từ đậu nành và nấm ngọt Shiitake, chai nhựa 525ml/chai Làng Chài Xưa",65000,115302000,9890,195726600,1675,2840,Làng Chài Xưa,Trung (50-150k),0.05,1.6955
88,"Sốt ướp gà nướng mật ong Dh Foods gia vị hoàn chỉnh nêm sẵn thành phần tự nhiên ướp các món gà, thịt, sườn gói 65gr",12727,114173917,8971,123180642,9679,7470,Dh Foods,Rẻ (<50k),0.04,0.7718
89,Combo 2 Hũ Sa tế Sò Điệp Thích Cay 250g Sốt Trộn Mì Đa Dụng Sa Tế Cay Trộn Hủ Tiếu Trộn Phở,159000,113509000,7170,131389000,8370,1920,THÍCH CAY,Cao (>150k),0.04,0.2294
90,Kho Quẹt Tôm Thịt Thích Cay 150g Ba Chỉ Tóp Mỡ Hàng Loại 1 Cao Cấp An Toàn Chuẩn Vị,55000,113389000,1917,178964000,3042,7010,THÍCH CAY,Trung (50-150k),0.04,2.3044
91,"Nước trôn gỏi Thích Cay, sốt trộn salad, thơm ngon, tiện dụng, công thức gia truyền",63000,113379500,193,429673025,7396,1761,THÍCH CAY,Trung (50-150k),0.04,0.2381
92,"Nước dùng Lẩu Barona nấu ngon chuẩn vị (Lẩu Thái, Lẩu Kim Chi, Lẩu Riêu Cua, Lẩu Chua Cay, Lẩu Bò, Lẩu Gà)",25000,112294864,3435,133187934,4082,2370,Barona,Rẻ (<50k),0.04,0.5806
93,"Nước trôn gỏi Thích Cay 250ml, sốt trộn salad, thơm ngon, tiện dụng, công thức gia truyền TG250-1C530334",65000,111615500,1658,142663500,2119,3460,THÍCH CAY,Trung (50-150k),0.04,1.6328
94,Nước Dùng Lẩu Thái Barona 180g tươi ngon chuẩn vị không cần nêm nếm,33117,110266603,3367,334433274,10188,1173,Barona,Rẻ (<50k),0.04,0.1151
95,Nước Mắm Cao Cấp Vị Xưa Barona 40 Độ Đạm 500ml tặng 45g tiêu hạt,94900,109678790,1292,245704740,291,4730,Barona,Trung (50-150k),0.04,16.2543
96,Combo 2 Chai Nước mắm Tĩn Trẻ Em Cho Bé Ăn Dặm độ đạm 42N chai thủy tinh 250ml/chai rin nguyên chất nhiều cá ít muối,187000,109531000,5730,237440000,1241,3080,Nước Mắm Tĩn,Cao (>150k),0.04,2.4819
97,[Tặng mì ý] Combo 3 sốt spaghetti mix 3 vị mới,92000,108495000,1175,108495000,1175,2410,O'food,Trung (50-150k),0.04,2.0511
98,Lốc 8 gói mì kim chi Ottogi 120g,72192,107809992,1547,342302692,4905,1195,Ottogi,Trung (50-150k),0.04,0.2436
99,Sốt chấm thịt nướng Hàn Quốc O'food chai 250g,32000,106054936,3333,172388436,5419,1073,O'food,Rẻ (<50k),0.04,0.198
100,"Combo 2 Gói Nước dùng Phở Bò Barona 150g, tặng tiêu hạt",71820,102645662,1315,128232450,1642,1850,Barona,Trung (50-150k),0.04,1.1267
101,Tương ớt Cholimex chai Pet 830g,27000,102480000,3421,118125500,3943,8890,Cholimex,Rẻ (<50k),0.04,2.2546
102,Lốc 5 Gói Mì Yeul Cay Ottogivn (5x120g),64500,102260500,1581,177125700,2754,5730,Ottogi,Trung (50-150k),0.04,2.0806
103,[ GIÁ TỐT ] Nước Mắm Nhỉ Làng Chài Xưa Xuất Khẩu Nhãn Xanh Chai Thủy Tinh 500ml Cốt Nhỉ Đặc Biệt Vị Dịu Nhẹ,58000,100842000,1683,197202400,3159,8020,Làng Chài Xưa,Trung (50-150k),0.04,2.5388
104,Xốt cá chiên Cholimex gói 90g tiện lợi,7380,100761600,12307,100761600,12307,2974,Cholimex,Rẻ (<50k),0.04,0.2417
105,[Thùng 6 chai] Nước mắm tôm biển Làng Chài Xưa 525ml/chai Hồng Ngọc Đại Dương 300 năm truyền thống,228000,100168000,3750,245403000,9200,2990,Làng Chài Xưa,Cao (>150k),0.04,0.325
106,"Sữa chua ngũ sắc sấy thăng hoa I-Yaua hũ 55g (việt quất, sầu riêng, chuối, dâu và truyền thống)",68000,99892000,1469,236984000,3487,6120,I-Ya.ua,Trung (50-150k),0.04,1.7551
107,Nước Dùng Phở Bò Barona 150g tươi ngon chuẩn vị không cần nêm nếm,35910,99661672,2635,222149441,5863,4720,Barona,Rẻ (<50k),0.04,0.805
108,Lẩu Thái Ngon Thuận Phát 1100g,47000,98246100,189,113189400,2179,980,THUẬN PHÁT,Rẻ (<50k),0.04,0.4497
109,Sốt teriyaki hoàn chỉnh O'food chai 250g,32000,96688000,3028,134244000,4211,6140,O'food,Rẻ (<50k),0.04,1.4581
110,Oppa mì tương đen vị sườn heo ăn liền Ottogi 65g,4900,96196700,19247,96196700,19247,1608,Ottogi,Rẻ (<50k),0.04,0.0835
111,"[Combo 3 Chai] Nước Mắm Nhỉ Làng Chài Xưa Cá Cơm Than, Tôm Biển, Cá Cơm Ruột Đỏ 525ml/chai nhựa cao cấp, tiết kiệm",119000,9571160079,7440,156086600,1213,4310,Làng Chài Xưa,Trung (50-150k),3.76,3.5532
112,"Ớt xào xé lưỡi Thích Cay 150g đa dụng cho các tín đồ mê ăn cay, dùng trong nhiều món ăn hàng ngày",53900,93526950,1701,162630850,2969,6090,THÍCH CAY,Trung (50-150k),0.04,2.0512
113,"Sốt ướp thịt Hàn Quốc O'Food chai 240g, ướp thịt chiên, nướng, BBQ, thịt xào dùng cho 1,2kg thịt",32000,92773000,2922,259796600,8149,1468,O'food,Rẻ (<50k),0.04,0.1801
114,"Combo 4 chai nước chấm pha sẵn (Mắm nêm, Nước mắm chua ngọt, Nước mắm gừng, Nước mắm me) Làng Chài Xưa nguyên liệu tươi",238000,92119000,3840,133373000,5560,1440,Làng Chài Xưa,Cao (>150k),0.04,0.259
115,"Rau tiến vua Vân Nam khô dai giòn, thanh mát 80g - 250g dùng trộn gỏi, nhúng lẩu",55000,91899000,1553,181120000,3079,6770,THÍCH CAY,Trung (50-150k),0.04,2.1988
116,Nước tương Lee Kum Kee Soy Sauce 500ml vị Việt Nam Nước Tương Đậu Nành (Combo 2 chai),55200,90579700,17,146263940,2749,4330,Lee Kum Kee,Trung (50-150k),0.04,1.5751
117,Xốt ướp Xá Xíu Cholimex hũ thuỷ tinh 600g,49500,90222000,1642,128540000,234,2740,Cholimex,Rẻ (<50k),0.04,11.7094
118,[Date mới] Nước mắm nhỉ cá cơm than Làng Chài Xưa 525ml (01 chai) sánh đặc thịt cá 300 năm truyền thống,37000,897940000,2370,205794000,543,1144,Làng Chài Xưa,Rẻ (<50k),0.35,2.1068
119,Nước tương Hương Việt Hảo Vị 7ml (01 túi gồm 50 gói tiện lợi sử dụng),20700,88398200541,38455,102857200,4474,3160,Cholimex,Rẻ (<50k),34.7,0.7063
120,"Sốt kim quất Dh Foods gia vị chấm, chế biến thịt bò nướng, steak, trộn salad lọ 200gr",36105,87658068,2596,117773110,3487,5430,Dh Foods,Rẻ (<50k),0.03,1.5572
121,"Xì dầu đặc biệt Lee Kum Kee Premium Dark Soy Sauce 1,75L",124100,87109400,7120,142446800,1166,1460,Lee Kum Kee,Trung (50-150k),0.03,1.2521
122,Nước Mắm Phú Quốc Cao Cấp Vị Xưa Barona 40 độ đạm 1 Thùng (6 chai x 500ml) [tặng 500g đường và 45g tiêu hạt],501072,87010200,1840,231402520,4880,1480,Barona,Cao (>150k),0.03,0.3033
123,[Combo NƯỚNG NGON] Tặng 01 bò sốt vang và hộp nhựa cao cấp 2L,160000,86935000,5400,96595000,6000,1620,O'food,Cao (>150k),0.03,0.27
124,"Sốt me chua ngọt Dh Foods gia vị chấm, chế biến hải sản, các món nướng lọ 200gr",25152,86424956,346,186508438,7469,1372,Dh Foods,Rẻ (<50k),0.03,0.1837
125,"Bộ 3 Tân Binh Canh ăn liền Sấy Thăng Hoa: Canh Gà Lá Giang, Canh Rau Tập Tàng, Canh Măng Chua",184000,85744000,4660,85744000,4660,640,I-soup,Cao (>150k),0.03,0.1373
126,Mì Ý Spaghetti Ottogi 500g,40420,85560250,218,204762550,5257,9910,Ottogi,Rẻ (<50k),0.03,1.8851
127,Thùng 6 chai nước mắm nhỉ cá cơm ruột đỏ Làng Chài Xưa 525ml/chai cá ngon vùng nước trồi 300 năm truyền thống,228000,8554500096,3580,180085600,7520,2520,Làng Chài Xưa,Cao (>150k),3.36,0.3351
128,"Sốt bò kho, bò sốt vang O'food gói 50g",11000,8545950017,7764,179178500,16272,2717,O'food,Rẻ (<50k),3.35,0.167
129,"Xốt Muối Kim Chi Barona 180g ướp ngon chuẩn vị không cần nêm nếm, Mua 3 tặng 1 gói",111000,85359000,7690,111219000,1002,1900,Barona,Trung (50-150k),0.03,1.8962
130,Combo 2 Nước Mắm Cá Cơm Thuận Phát 30 độ đạm 610ml,102000,85162400,8180,109474400,1052,2140,THUẬN PHÁT,Trung (50-150k),0.03,2.0342
131,Sa tế tôm Cholimex hũ pet 450g,33300,83971600,2362,96842100,2724,2090,Cholimex,Rẻ (<50k),0.03,0.7673
132,Thùng 6 Hộp Tương Ớt Gói Ông Chà Và 10gr (720 gói/thùng) Tiện Lợi Siêu Tiết Kiệm Cho Quán Ăn Và Nhà Hàng,322000,82800000,2340,170144000,4820,980,ÔngChàVà,Cao (>150k),0.03,0.2033
133,Nước mắm nhỉ 40 độ đạm Làng Chài Xưa nhãn vàng chai thủy tinh 500ml ủ chượp 2 lần không chất bảo quản,93000,82663000,8710,127838000,1347,2990,Làng Chài Xưa,Trung (50-150k),0.03,2.2197
134,Mì Bò Hầm Ottogi 8 gói,72192,82108200,118,330112940,4732,1014,Ottogi,Trung (50-150k),0.03,0.2143
135,Dầu hào Lee Kum Kee Premium Brand Oyster Sauce (510g/chai) loại đặc biệt với chiết xuất hàu lên đến 40%,108800,82066200,7230,117157900,1032,1930,Lee Kum Kee,Trung (50-150k),0.03,1.8702
136,Cá ngừ ngâm dầu Seaspimex 185g,28000,81477200,2911,100714200,3598,1650,Seaspimex Since 1993,Rẻ (<50k),0.03,0.4586
137,Nước mắm cá cơm Thuận Phát 40 độ đạm 610ml - Từ nước cốt nhĩ cá cơm Phú Quốc,66000,79988454,1178,100454781,1479,3360,THUẬN PHÁT,Trung (50-150k),0.03,2.2718
138,Combo Mì Ý 500g & Sốt Spaghetti Ottogi 220g,69466,7934723615,116,235330088,3479,9110,Ottogi,Trung (50-150k),3.11,2.6186
139,"Xốt Muối Kim Chi Hàn Quốc Barona 180g, Combo 3 gói Tặng 1 Hũ Thủy Tinh Cao Cấp (1 lít)",95460,78920540,7960,195344584,1968,5200,Barona,Trung (50-150k),0.03,2.6423
140,"Sa tế sò điệp Thích Cay 150g dùng trộn mì, hủ tiếu, phở",59000,7846800079,1258,122127500,2037,5260,THÍCH CAY,Trung (50-150k),3.08,2.5822
141,"Nước chấm đỏ Thích Cay, tương chấm thịt nướng, đồ nướng, chấm ăn lẩu, nước chấm ớt hiểm cay",59000,77944500,1348,486733825,8489,2256,THÍCH CAY,Trung (50-150k),0.03,0.2658
142,Tương ăn phở Lee Kum Kee Hoisin Sauce 567g (Nhập khẩu từ Mỹ),116800,76475800,6160,126425800,1019,1680,Lee Kum Kee,Trung (50-150k),0.03,1.6487
143,[Tặng 1 hộp nhựa cao cấp 2L] Combo 5 sốt muối kim chi và 1 sốt chấm thịt nướng O'food,185000,76347000,4040,78615000,4160,1400,O'food,Cao (>150k),0.03,0.3365
144,"Rau tiến vua khô tiện lợi, dai giòn, thanh mát 80g - 250g dùng trộn gỏi, nhúng lẩu",55000,75269000,1111,101488000,1503,2690,THÍCH CAY,Trung (50-150k),0.03,1.7898
145,Xốt ướp xá xíu Cholimex - Gói 70g tiện lợi,6750,72960000,9743,99414375,13279,4910,Cholimex,Rẻ (<50k),0.03,0.3698
146,"Hộp quà gia vị Dh Foods (có thể đóng theo yêu cầu riêng) làm quà biếu, tặng người thân, bạn bè",172000,7225848814,3950,171144235,8840,1580,Dh Foods,Cao (>150k),2.84,0.1787
147,Gia Vị Bò Kho Barona 80g ướp ngon chuẩn vị không cần nêm nếm,12800,70913156,5811,197467826,16421,1344,Barona,Rẻ (<50k),0.03,0.0818
148,Thùng Mì Mini Tương Đen Bắc Kinh Ottogi 83g,228000,70410000,3070,115715700,5070,1210,Ottogi,Cao (>150k),0.03,0.2387
149,"Cá ngừ ngâm dầu hộp lớn 1,8kg",250000,70000000,2800,107750000,4310,290,Seaspimex Since 1993,Cao (>150k),0.03,0.0673
150,Xốt Bún Bò Cholimex - Gói 90g tiện lợi,9450,69766200,6647,100167800,9545,3330,Cholimex,Rẻ (<50k),0.03,0.3489
151,Combo 2 Chai Dầu Ăn Hướng Dương Organic Nhập Khẩu Nga Vipep Chai 1L - Gia vị Vipep,215200,68505900,4670,135840850,9360,1830,Vipep,Cao (>150k),0.03,0.1955
152,Ớt khô sa tế Cholimex hũ TT 100g,16200,68479200295,39083,94455200,5393,5640,Cholimex,Rẻ (<50k),26.88,1.0458
153,Xốt teriyaki Ottogi 2.25kg,172302,68374581,4040,241172581,1437,2150,Ottogi,Cao (>150k),0.03,1.4962
154,"Nước tương đậu nành thượng hạng Lee Kum Kee Selected Light Soy Sauce 1,75L",107100,68007000,6380,108470500,1019,1340,Lee Kum Kee,Trung (50-150k),0.03,1.315
155,Nước Tương Cao Cấp Shiitake Làng Chài Xưa Độ Đạm Tự Nhiên Lên Men Từ Nấm Ngọt Nhât Và Đậu Nành 250ml/chai,79000,67295800,7960,145404200,1718,3010,Làng Chài Xưa,Trung (50-150k),0.03,1.752
156,Gia vị nấu bún bò huế Natural DH Foods nêm sẵn thành phần tự nhiên gói 25gr - DHGVT92,16096,67199272,4463,148367203,9878,6730,Dh Foods,Rẻ (<50k),0.03,0.6813
157,[ Cốt nhỉ đặc biệt - 30 độ đạm ] Thùng 6 chai nước mắm nhỉ Làng Chài Xưa Nhãn Đỏ 500ml/chai truyền thống vị gu ông bà,410000,66006000,1680,183391000,4870,1590,Làng Chài Xưa,Cao (>150k),0.03,0.3265
158,"Combo 6 canh ăn liền I.SOUP Hot: 2 Canh Riêu Tôm, 2 Canh Cải Chua, 2 Canh Cải Xoong",388000,65960000,1700,65960000,1700,230,I-soup,Cao (>150k),0.03,0.1353
159,Xì dầu đặc biệt Lee Kum Kee Premium Dark Soy Sauce 500ml,54400,65788500,117,106046400,1888,3900,Lee Kum Kee,Trung (50-150k),0.03,2.0657
160,"COMBO 20 GÓI Sốt muối kim chi O'food gói 180g, chuẩn vị Hàn Quốc",560000,64432000,1150,102344000,1830,480,O'food,Cao (>150k),0.03,0.2623
161,"Bộ 3 canh chua: Canh Chua Chay, Canh Măng Chua Nấm Hương, Canh Gà Lá Giang",184000,63112000,3430,63112000,3430,510,I-soup,Cao (>150k),0.02,0.1487
162,"Sốt mì thuyền boat noodles Thích Cay 250ml, nước trộn đậm đà, chuẩn vị Thái",79000,62681990,7940,62681990,7940,1610,THÍCH CAY,Trung (50-150k),0.02,0.2028
163,Bột sả nguyên chất Natural DH Foods chế biến thực phẩm 30gr - DHGVT56,17292,6265821629,4161,137802095,9169,1866,Dh Foods,Rẻ (<50k),2.46,0.2035
164,Hộp Quà Đậm Đà Tình Thân GỒM 1 Nước Mắm Tĩn Tôm Biển 60N 500ml Và 1 Tĩn Cá Cơm Ruột Đỏ 250 ml không chất bảo quản,680000,62040000,900,102790000,1470,250,Nước Mắm Tĩn,Cao (>150k),0.02,0.1701
165,"Combo Tiện Lợi - Sa tế sò điệp 250g, Kho quẹt tôm thịt 250g",149000,61936100,3970,183777970,1179,3140,Unknown,Trung (50-150k),0.02,2.6633
166,Xốt mì Spaghetti vị cà chua Ottogi gói 110g,12200,61653900,4761,102275900,7873,7240,Ottogi,Rẻ (<50k),0.02,0.9196
167,Nước mắm cá cơm Thuận Phát 60 độ đạm 490ml,110000,60367867,5420,88869967,7980,1940,THUẬN PHÁT,Trung (50-150k),0.02,0.2431
168,"[Combo 3 chai] Nước mắm nhỉ Làng Chài Xưa nhãn xanh xuất khẩu, nhãn đỏ đậm đà, nhãn vàng sánh đặc 500ml/chai thủy tinh",169000,59503000,3310,88823000,4950,1490,Làng Chài Xưa,Cao (>150k),0.02,0.301
169,Xốt gà chiên nước mắm Cholimex - gói 90g tiện lợi.,7380,59318390,7307,59588990,734,9230,Cholimex,Rẻ (<50k),0.02,12.5749
170,"Sốt Ướp Chấm Dh Foods - Sốt Me Chua Ngọt, Ướp BBQ, Tiêu Đen, Thịt Nướng Mật Ong, Bít Tết Tiêu Chín, Bít Tết Trứng Muối",25000,59018100,178,63862600,1924,2070,Dh Foods,Rẻ (<50k),0.02,1.0759
171,Gia vị ướp thịt nướng Natural DH Foods nêm sẵn thành phần tự nhiên gói 10gr - DHGVT88,8678,59007218,6933,152011630,1787,1661,Dh Foods,Rẻ (<50k),0.02,0.9295
172,Mì trộn xốt tương đen Jin Jjajang Ramen Ottogi gói 135g(MÌ XỐT TƯƠNG ĐEN (VN) 135g),18900,59004050,3256,220576958,11932,10,Ottogi,Rẻ (<50k),0.02,0.0008
173,Tỏi Bột Tự Nhiên Vipep Hũ Nhựa 600g - Gia vị Vipep,151000,58998880,5320,121944260,1089,1780,Vipep,Cao (>150k),0.02,1.6345
174,Gia vị tần hầm lẩu (tiềm) Natural DH Foods nêm sẵn thành phần tự nhiên gói 53gr - DHGVT98,33753,58583968,2211,111222683,4209,3340,Dh Foods,Rẻ (<50k),0.02,0.7935
175,"Combo 3 Gói Nước Dùng Lẩu Thái Barona 180g, tặng tiêu hạt",99351,58299852,6050,80117953,8310,1270,Barona,Trung (50-150k),0.02,0.1528
176,"Sốt me chua cay Thích cay, xào cút lộn, ốc, hải sản 250ml",68000,58083600,7550,109532300,1417,3120,Unknown,Trung (50-150k),0.02,2.2018
177,[Mua 3 được 6] Mua 3 chai nước tương shiitake tặng 3 chai nước mắm chay shiitake chai nhựa cao cấp 525ml Làng Chài Xưa,358000,57594000,1600,144975100,4030,1030,Làng Chài Xưa,Cao (>150k),0.02,0.2556
178,"Combo 3 hũ sốt trứng muối hoàng kim Thích Cay 150g dùng cho các món ốc, hải sản",179000,56926000,3180,56926000,3180,510,THÍCH CAY,Cao (>150k),0.02,0.1604
179,"Sốt gỏi cay tiện lợi Thích Cay 120ml dùng trộn gỏi, salad chỉ trong 5 phút",49000,56282800,115,81075620,1659,4030,THÍCH CAY,Rẻ (<50k),0.02,2.4292
180,Xốt mayonnaise Ottogi 3KG,255110,56176000,2400,103837100,4450,770,Ottogi,Cao (>150k),0.02,0.173
181,Xốt Muối Kim Chi Hàn Quốc Barona 2 gói x 180g (tặng hũ thủy tinh cao cấp),73000,5603200014,7680,467841600,6582,2141,Barona,Trung (50-150k),2.2,0.3253
182,Nước Dùng Lẩu Riêu Cua Barona 230g tươi ngon chuẩn vị không cần nêm nếm,37905,55386825,1463,213904406,5676,7430,Barona,Rẻ (<50k),0.02,1.309
183,Mì Tương Đen Bắc Kinh Ottogi (5 Gói),64500,54712080,9830,177577780,3215,7390,Ottogi,Trung (50-150k),0.02,2.2986
184,Sốt XO Lee Kum Kee 220g,368000,54680000,1370,87894500,2200,280,Lee Kum Kee,Cao (>150k),0.02,0.1273
185,"Muối ớt đỏ chanh tắc cao cấp Làng Chài Xưa, nguyên liệu tươi, thơm ngon đặc biệt, chai thủy tinh 300gr",63000,54273900,8600,94883900,1504,3070,Làng Chài Xưa,Trung (50-150k),0.02,2.0412
186,"[Combo 20 gói] Sốt ướp thịt Hàn Quốc OFood gói 80g, giúp thị mềm, ngọt, thơm dậy vị dùng cho 400g thịt",220000,54032000,3210,123212000,7320,1620,O'food,Cao (>150k),0.02,0.2213
187,"[COMBO 4 CHAI] Mắm nêm pha sẵn cao cấp Làng Chài Xưa, nguyên liệu tươi, thơm ngon đặc biệt, chai thủy tinh 300g",238000,53990000,2250,62388000,2600,660,Làng Chài Xưa,Cao (>150k),0.02,0.2538
188,Viên Gia Vị Phở Bò Ông Chà Và Gold 126g (Beef Pho Broth Cubes),19000,53778000,3152,100026000,5929,5290,Ông Chà Và,Rẻ (<50k),0.02,0.8922
189,Lốc 10 Chai Nước Mắm Tĩn Mini Du Lịch 40N 60ml/chai Rin Nguyên Chất Truyền Thống,250000,53584000,2160,89006000,3590,850,Nước Mắm Tĩn,Cao (>150k),0.02,0.2368
190,Mì Tương Đen Bắc Kinh Ottogi 83g,7600,53459000,6851,114603731,14696,1483,Ottogi,Rẻ (<50k),0.02,0.1009
191,Thùng Mì Jin Cay 120gx20,255000,53344000,2140,109397000,4400,1140,Ottogi,Cao (>150k),0.02,0.2591
192,"Gia Vị Bún Bò Huế Barona 110g, Mua 3 gói Tặng 1 gói Gia Vị Hủ Tiếu Hoàn Chỉnh Barona 110g",54000,52743600,1067,143570220,2915,5800,Barona,Trung (50-150k),0.02,1.9897
193,Muối ớt chanh Nha Trang DH Foods gia vị nước sốt chấm hải sản đồ nướng 120/200gr - DHSCH05,19505,51841235,3215,133456708,8303,1438,Dh Foods,Rẻ (<50k),0.02,0.1732
194,Nước Chấm Muối Ớt Xanh Thích Cay 250ml Nước Chấm Hải Sản Mù Tạt Sốt Chấm Lẩu Cay Nồng,59000,51727010,8800,251364925,4309,1154,Unknown,Trung (50-150k),0.02,0.2678
195,Nước Mắm Thuận Phát Cá Cơm Than 740ml - Với 16 dưỡng chất,36000,51024151,1307,76376144,1956,2420,THUẬN PHÁT,Rẻ (<50k),0.02,1.2372
196,"Combo 4 Loại Natural Gia Vị Nấu Phở, Bún Dh Foods - Gia Vị Hoàn Chỉnh Nấu Bún, Phở Bò, Phở Gà Có Kèm Túi Lọc",16000,50700500,1407,53543800,1488,870,Dh Foods,Rẻ (<50k),0.02,0.5847
197,[01 Chai Cá vàng - 60N - 500ml] Nước Mắm Tĩn Cá Cơm Ruột Đỏ Chai Thuỷ Tinh Nước Mắm Truyền Thống Sạch,218000,5035400015,2290,95440000,4340,870,Nước Mắm Tĩn,Cao (>150k),1.98,0.2005
198,01 BÌNH GỐM 60 ĐẠM Nước mắm Tĩn cá cơm ruột đỏ độ đạm 60N 250 ml rin nguyên chất truyền thống không chất bảo quản,248000,49976000,2000,110947000,4440,830,Nước Mắm Tĩn,Cao (>150k),0.02,0.1869
199,Bột tương đen Ottogi 1kg VN,185000,49920500,2620,64970000,3410,640,Ottogi,Cao (>150k),0.02,0.1877
200,"Bánh phồng tôm Ấn Độ Pani Puri 100g hình quả bóng tròn, chiên giòn rụm, phồng to, thơm đặc biệt",79500,49917000,6220,49917000,6220,870,THÍCH CAY,Trung (50-150k),0.02,0.1399
